run_id,ts,tool_id,product,recipe,step,wafer_count,duration_min,result,defect_count
40001,2026-06-22 00:00,CVD-02,A7,C-NIT,198,25,49.9,pass,3
40002,2026-06-22 00:00,CVD-02,B3,C-TEOS,043,25,64.2,pass,0
40003,2026-06-22 00:00,CVD-02,A7,C-NIT,190,25,90.8,fail,1
40004,2026-06-22 01:00,ETCH-01,C1,E-POLY,161,25,76.7,pass,0
40005,2026-06-22 01:00,DIFF-01,A7,D-GOX,166,25,13.6,pass,0
40006,2026-06-22 02:00,ETCH-01,B3,E-METAL,180,1,75.7,pass,0
40007,2026-06-22 02:00,PHOTO-02,C1,P-LINE,021,25,89.0,pass,0
40008,2026-06-22 02:00,PHOTO-02,A7,P-VIA,060,25,73.0,pass,0
40009,2026-06-22 03:00,CMP-01,A7,M-W,082,25,91.7,pass,0
40010,2026-06-22 03:00,CVD-01,A7,C-TEOS,118,25,85.8,pass,0
40011,2026-06-22 03:00,IMP-01,A7,I-NW,104,25,72.4,pass,5
40012,2026-06-22 04:00,DIFF-01,A7,D-GOX,027,25,62.1,pass,0
40013,2026-06-22 04:00,METRO-01,B3,MEAS,186,25,38.3,pass,3
40014,2026-06-22 05:00,IMP-01,B3,I-NW,020,1,82.2,pass,0
40015,2026-06-22 05:00,CMP-01,B3,M-W,203,25,34.9,pass,0
40016,2026-06-22 05:00,CVD-01,B3,C-TEOS,038,25,80.9,pass,5
40017,2026-06-22 06:00,ETCH-02,A7,E-OX,093,1,87.2,pass,0
40018,2026-06-22 06:00,DIFF-01,A7,D-GOX,235,25,12.7,fail,38
40019,2026-06-22 06:00,CVD-01,B3,C-TEOS,132,25,13.4,pass,0
40020,2026-06-22 07:00,PHOTO-02,B3,P-PAD,189,1,26.1,pass,0
40021,2026-06-22 07:00,METRO-01,B3,MEAS,135,1,20.6,pass,0
40022,2026-06-22 08:00,PHOTO-02,B3,P-VIA,183,25,18.1,pass,0
40023,2026-06-22 08:00,PHOTO-01,B3,P-LINE,189,25,9.9,pass,0
40024,2026-06-22 09:00,PHOTO-02,B3,P-LINE,092,1,92.2,pass,0
40025,2026-06-22 09:00,DIFF-01,C1,D-GOX,197,25,52.5,pass,0
40026,2026-06-22 10:00,ETCH-01,B3,E-OX,171,25,11.6,pass,3
40027,2026-06-22 10:00,DIFF-01,B3,D-GOX,134,1,86.6,pass,0
40028,2026-06-22 10:00,DIFF-01,B3,D-GOX,087,25,49.4,pass,0
40029,2026-06-22 11:00,DIFF-01,B3,D-GOX,223,25,49.5,pass,0
40030,2026-06-22 11:00,CMP-01,A7,M-W,139,1,11.5,pass,0
40031,2026-06-22 11:00,IMP-01,B3,I-PW,118,25,56.0,pass,0
40032,2026-06-22 12:00,CVD-02,C1,C-NIT,234,25,66.0,pass,0
40033,2026-06-22 12:00,ETCH-02,C1,E-METAL,136,25,20.3,pass,4
40034,2026-06-22 13:00,PHOTO-02,B3,P-LINE,212,1,9.1,pass,0
40035,2026-06-22 13:00,IMP-01,B3,I-PW,115,25,27.5,pass,4
40036,2026-06-22 13:00,CVD-01,B3,C-TEOS,191,25,79.5,pass,0
40037,2026-06-22 14:00,DIFF-01,C1,D-GOX,069,25,28.1,pass,0
40038,2026-06-22 14:00,ETCH-01,A7,E-OX,102,1,36.7,pass,0
40039,2026-06-22 14:00,CVD-02,A7,C-NIT,155,1,30.2,pass,0
40040,2026-06-22 15:00,CVD-01,B3,C-TEOS,075,25,23.5,pass,0
40041,2026-06-22 15:00,CVD-01,B3,C-NIT,209,25,10.5,pass,0
40042,2026-06-22 16:00,METRO-01,A7,MEAS,191,25,85.2,pass,0
40043,2026-06-22 16:00,CMP-01,A7,M-W,164,25,43.9,pass,0
40044,2026-06-22 17:00,CMP-01,A7,M-OX,195,25,82.0,pass,0
40045,2026-06-22 17:00,PHOTO-01,A7,P-LINE,148,25,78.3,pass,0
40046,2026-06-22 17:00,PHOTO-01,B3,P-PAD,187,25,75.6,pass,0
40047,2026-06-22 18:00,DIFF-01,C1,D-GOX,236,25,18.5,pass,0
40048,2026-06-22 18:00,CVD-01,C1,C-TEOS,033,25,83.9,pass,5
40049,2026-06-22 18:00,CVD-02,B3,C-TEOS,193,25,86.8,pass,0
40050,2026-06-22 19:00,DIFF-01,A7,D-GOX,148,25,73.9,pass,0
40051,2026-06-22 19:00,CMP-01,A7,M-OX,170,25,61.1,pass,0
40052,2026-06-22 19:00,IMP-01,B3,I-PW,051,1,24.6,pass,0
40053,2026-06-22 20:00,PHOTO-01,A7,P-PAD,182,25,22.5,pass,0
40054,2026-06-22 20:00,IMP-01,A7,I-PW,146,25,87.6,pass,3
40055,2026-06-22 21:00,CVD-02,A7,C-NIT,190,1,12.8,pass,3
40056,2026-06-22 21:00,PHOTO-02,C1,P-PAD,151,25,17.3,pass,0
40057,2026-06-22 22:00,DIFF-01,B3,D-GOX,119,1,54.8,pass,0
40058,2026-06-22 22:00,IMP-01,C1,I-NW,213,1,70.7,pass,0
40059,2026-06-22 23:00,CMP-01,A7,M-W,163,25,20.0,pass,0
40060,2026-06-22 23:00,CVD-02,C1,C-TEOS,029,25,90.0,pass,5
40061,2026-06-22 23:00,ETCH-02,A7,E-POLY,044,25,30.8,pass,0
40062,2026-06-23 00:00,PHOTO-01,B3,P-VIA,093,25,94.5,pass,0
40063,2026-06-23 00:00,IMP-01,A7,I-PW,225,25,29.4,pass,0
40064,2026-06-23 01:00,IMP-01,A7,I-NW,173,25,33.1,pass,0
40065,2026-06-23 01:00,CVD-01,A7,C-NIT,146,25,39.9,pass,0
40066,2026-06-23 01:00,CMP-01,C1,M-OX,039,25,72.1,pass,0
40067,2026-06-23 02:00,PHOTO-02,B3,P-LINE,054,25,72.1,pass,0
40068,2026-06-23 02:00,ETCH-02,B3,E-OX,139,1,57.2,fail,20
40069,2026-06-23 02:00,METRO-01,A7,MEAS,021,1,74.4,pass,0
40070,2026-06-23 03:00,DIFF-01,A7,D-GOX,234,1,37.7,pass,2
40071,2026-06-23 03:00,CVD-02,B3,C-TEOS,218,25,89.8,pass,0
40072,2026-06-23 04:00,DIFF-01,C1,D-GOX,009,25,16.9,pass,4
40073,2026-06-23 04:00,ETCH-01,A7,E-OX,100,25,45.4,pass,0
40074,2026-06-23 04:00,CVD-02,C1,C-TEOS,083,25,36.2,pass,2
40075,2026-06-23 05:00,PHOTO-01,B3,P-PAD,181,25,30.6,pass,0
40076,2026-06-23 05:00,ETCH-02,A7,E-METAL,037,25,14.3,pass,0
40077,2026-06-23 05:00,CMP-01,B3,M-OX,171,25,15.4,pass,0
40078,2026-06-23 06:00,ETCH-01,A7,E-OX,220,25,51.1,pass,0
40079,2026-06-23 06:00,METRO-01,B3,MEAS,021,25,26.1,pass,2
40080,2026-06-23 06:00,IMP-01,C1,I-NW,136,1,28.0,pass,0
40081,2026-06-23 07:00,CVD-01,A7,C-NIT,182,25,27.4,pass,4
40082,2026-06-23 07:00,METRO-01,C1,MEAS,190,25,39.0,pass,0
40083,2026-06-23 07:00,CVD-02,B3,C-TEOS,236,1,88.4,pass,3
40084,2026-06-23 08:00,DIFF-01,A7,D-GOX,027,25,83.9,pass,0
40085,2026-06-23 08:00,CMP-01,A7,M-OX,108,25,25.8,pass,4
40086,2026-06-23 09:00,PHOTO-02,B3,P-PAD,102,1,71.4,pass,2
40087,2026-06-23 09:00,DIFF-01,A7,D-GOX,046,25,21.8,pass,0
40088,2026-06-23 10:00,CVD-01,B3,C-NIT,065,25,85.8,abort,38
40089,2026-06-23 10:00,IMP-01,A7,I-NW,088,25,59.3,pass,0
40090,2026-06-23 11:00,METRO-01,B3,MEAS,232,1,78.0,pass,0
40091,2026-06-23 11:00,CVD-01,A7,C-TEOS,097,25,45.9,pass,0
40092,2026-06-23 12:00,DIFF-01,A7,D-GOX,034,25,72.3,pass,0
40093,2026-06-23 12:00,PHOTO-02,B3,P-PAD,090,25,48.2,pass,0
40094,2026-06-23 13:00,CVD-02,B3,C-TEOS,206,25,89.9,pass,3
40095,2026-06-23 13:00,ETCH-02,B3,E-METAL,015,1,57.4,pass,0
40096,2026-06-23 13:00,CVD-01,C1,C-TEOS,212,1,42.3,pass,0
40097,2026-06-23 14:00,CVD-01,B3,C-NIT,189,25,25.5,pass,1
40098,2026-06-23 14:00,ETCH-01,B3,E-POLY,139,25,79.0,pass,0
40099,2026-06-23 14:00,DIFF-01,A7,D-GOX,233,25,73.7,pass,0
40100,2026-06-23 15:00,CMP-01,A7,M-W,096,1,51.7,pass,3
40101,2026-06-23 15:00,PHOTO-02,B3,P-LINE,121,1,74.7,pass,2
40102,2026-06-23 16:00,CMP-01,C1,M-OX,199,1,73.4,pass,0
40103,2026-06-23 16:00,PHOTO-01,A7,P-LINE,135,25,34.5,pass,0
40104,2026-06-23 16:00,PHOTO-02,B3,P-PAD,195,25,25.8,pass,0
40105,2026-06-23 17:00,DIFF-01,A7,D-GOX,165,25,40.9,pass,0
40106,2026-06-23 17:00,ETCH-01,B3,E-METAL,122,25,14.5,pass,0
40107,2026-06-23 18:00,ETCH-02,A7,E-POLY,017,1,25.3,pass,0
40108,2026-06-23 18:00,CVD-01,B3,C-TEOS,186,25,74.3,pass,0
40109,2026-06-23 19:00,PHOTO-01,C1,P-PAD,166,25,41.1,pass,0
40110,2026-06-23 19:00,CVD-01,B3,C-NIT,005,25,74.7,pass,0
40111,2026-06-23 20:00,IMP-01,A7,I-PW,144,25,48.9,pass,0
40112,2026-06-23 20:00,IMP-01,C1,I-NW,006,25,86.0,pass,0
40113,2026-06-23 21:00,CMP-01,A7,M-OX,126,25,33.7,pass,0
40114,2026-06-23 21:00,IMP-01,B3,I-NW,223,25,78.9,pass,0
40115,2026-06-23 22:00,ETCH-02,B3,E-OX,139,25,10.3,pass,0
40116,2026-06-23 22:00,CVD-01,C1,C-TEOS,206,1,80.7,pass,3
40117,2026-06-23 22:00,ETCH-01,C1,E-POLY,015,25,9.5,pass,0
40118,2026-06-23 23:00,ETCH-02,B3,E-METAL,150,1,52.3,pass,0
40119,2026-06-23 23:00,CMP-01,A7,M-OX,238,25,77.0,pass,0
40120,2026-06-24 00:00,CMP-01,B3,M-OX,056,25,61.0,pass,0
40121,2026-06-24 00:00,PHOTO-02,B3,P-VIA,009,1,57.8,pass,0
40122,2026-06-24 00:00,PHOTO-01,A7,P-VIA,112,1,68.3,pass,0
40123,2026-06-24 01:00,CVD-02,A7,C-NIT,037,25,89.0,pass,0
40124,2026-06-24 01:00,CVD-02,A7,C-NIT,124,1,73.9,pass,0
40125,2026-06-24 02:00,CVD-02,A7,C-TEOS,069,25,42.7,pass,0
40126,2026-06-24 02:00,IMP-01,B3,I-PW,044,25,94.1,pass,0
40127,2026-06-24 02:00,PHOTO-02,B3,P-PAD,197,25,54.3,pass,0
40128,2026-06-24 03:00,DIFF-01,A7,D-GOX,001,25,86.3,pass,1
40129,2026-06-24 03:00,PHOTO-02,B3,P-PAD,226,25,45.0,pass,0
40130,2026-06-24 04:00,PHOTO-01,B3,P-PAD,202,1,72.6,pass,0
40131,2026-06-24 04:00,CVD-01,B3,C-TEOS,071,25,28.3,abort,10
40132,2026-06-24 05:00,PHOTO-01,B3,P-VIA,151,25,56.0,fail,18
40133,2026-06-24 05:00,CMP-01,A7,M-OX,141,25,80.6,pass,0
40134,2026-06-24 06:00,ETCH-02,C1,E-OX,012,25,44.8,pass,0
40135,2026-06-24 06:00,ETCH-02,A7,E-POLY,111,25,43.6,pass,0
40136,2026-06-24 07:00,ETCH-01,A7,E-OX,189,1,55.2,pass,0
40137,2026-06-24 07:00,IMP-01,B3,I-NW,208,25,86.7,pass,0
40138,2026-06-24 08:00,PHOTO-01,C1,P-LINE,135,25,9.9,pass,2
40139,2026-06-24 08:00,DIFF-01,C1,D-GOX,091,25,55.7,pass,0
40140,2026-06-24 09:00,METRO-01,B3,MEAS,077,25,10.3,abort,32
40141,2026-06-24 09:00,IMP-01,B3,I-PW,144,25,46.7,pass,0
40142,2026-06-24 10:00,CVD-01,B3,C-TEOS,027,25,83.6,pass,1
40143,2026-06-24 10:00,ETCH-01,B3,E-OX,162,25,23.4,pass,0
40144,2026-06-24 11:00,METRO-01,C1,MEAS,056,1,30.6,pass,0
40145,2026-06-24 11:00,ETCH-01,A7,E-OX,202,25,30.3,pass,0
40146,2026-06-24 12:00,CVD-02,C1,C-NIT,001,1,19.0,pass,0
40147,2026-06-24 12:00,CVD-01,A7,C-NIT,137,25,55.8,pass,0
40148,2026-06-24 13:00,CVD-02,C1,C-NIT,108,1,75.0,pass,0
40149,2026-06-24 13:00,CVD-02,A7,C-NIT,082,1,19.2,pass,5
40150,2026-06-24 13:00,ETCH-02,A7,E-POLY,152,25,64.5,pass,2
40151,2026-06-24 14:00,CMP-01,A7,M-W,036,25,43.7,pass,0
40152,2026-06-24 14:00,METRO-01,B3,MEAS,145,25,94.3,pass,0
40153,2026-06-24 14:00,CVD-02,B3,C-NIT,203,25,15.7,pass,0
40154,2026-06-24 15:00,ETCH-01,C1,E-POLY,048,25,86.0,fail,11
40155,2026-06-24 15:00,IMP-01,B3,I-PW,220,25,43.3,pass,3
40156,2026-06-24 15:00,CVD-01,A7,C-TEOS,027,25,44.1,pass,1
40157,2026-06-24 16:00,CMP-01,C1,M-OX,046,25,40.8,fail,34
40158,2026-06-24 16:00,ETCH-02,A7,E-OX,190,25,85.0,pass,0
40159,2026-06-24 17:00,DIFF-01,A7,D-GOX,225,1,52.6,pass,5
40160,2026-06-24 17:00,PHOTO-02,B3,P-PAD,069,1,51.9,pass,0
40161,2026-06-24 17:00,ETCH-02,A7,E-POLY,082,25,85.1,pass,0
40162,2026-06-24 18:00,CMP-01,B3,M-W,029,25,8.9,pass,0
40163,2026-06-24 18:00,PHOTO-02,B3,P-VIA,079,25,45.3,pass,0
40164,2026-06-24 18:00,CMP-01,B3,M-W,029,25,57.3,pass,0
40165,2026-06-24 19:00,CVD-01,A7,C-NIT,082,25,64.0,pass,0
40166,2026-06-24 19:00,PHOTO-01,C1,P-PAD,167,25,80.6,abort,25
40167,2026-06-24 19:00,ETCH-01,C1,E-METAL,239,1,59.3,pass,0
40168,2026-06-24 20:00,ETCH-01,A7,E-OX,075,1,67.1,pass,0
40169,2026-06-24 20:00,DIFF-01,C1,D-GOX,111,25,70.0,pass,0
40170,2026-06-24 21:00,ETCH-02,B3,E-METAL,058,25,56.2,pass,0
40171,2026-06-24 21:00,METRO-01,A7,MEAS,086,25,61.5,pass,0
40172,2026-06-24 22:00,ETCH-01,A7,E-POLY,042,25,19.7,pass,5
40173,2026-06-24 22:00,ETCH-01,B3,E-OX,208,25,45.0,pass,0
40174,2026-06-24 22:00,CVD-01,A7,C-TEOS,110,25,48.8,pass,1
40175,2026-06-24 23:00,PHOTO-02,A7,P-LINE,232,25,41.5,pass,0
40176,2026-06-24 23:00,IMP-01,B3,I-PW,056,25,33.9,pass,0
40177,2026-06-25 00:00,ETCH-01,B3,E-OX,182,25,44.5,pass,0
40178,2026-06-25 00:00,CVD-01,A7,C-TEOS,129,25,48.3,fail,4
40179,2026-06-25 01:00,CMP-01,B3,M-OX,080,1,46.7,pass,0
40180,2026-06-25 01:00,CMP-01,B3,M-W,130,25,44.8,pass,0
40181,2026-06-25 01:00,ETCH-02,A7,E-OX,215,25,52.8,pass,0
40182,2026-06-25 02:00,IMP-01,C1,I-NW,074,25,53.5,pass,3
40183,2026-06-25 02:00,ETCH-02,A7,E-METAL,203,1,19.7,pass,0
40184,2026-06-25 02:00,CMP-01,B3,M-OX,041,1,9.9,pass,0
40185,2026-06-25 03:00,IMP-01,C1,I-PW,005,1,86.2,pass,0
40186,2026-06-25 03:00,PHOTO-02,C1,P-LINE,014,25,93.6,pass,3
40187,2026-06-25 04:00,METRO-01,A7,MEAS,151,1,52.5,pass,0
40188,2026-06-25 04:00,PHOTO-01,A7,P-VIA,193,25,91.3,pass,0
40189,2026-06-25 05:00,ETCH-02,C1,E-POLY,205,1,54.6,pass,4
40190,2026-06-25 05:00,PHOTO-02,B3,P-PAD,171,25,45.1,pass,0
40191,2026-06-25 05:00,CVD-02,C1,C-TEOS,201,25,40.1,pass,0
40192,2026-06-25 06:00,PHOTO-02,A7,P-LINE,127,25,60.7,pass,0
40193,2026-06-25 06:00,IMP-01,C1,I-NW,026,1,21.7,pass,0
40194,2026-06-25 06:00,CMP-01,A7,M-OX,026,25,74.4,pass,0
40195,2026-06-25 07:00,PHOTO-01,A7,P-PAD,022,25,59.3,pass,0
40196,2026-06-25 07:00,CVD-01,C1,C-TEOS,067,25,11.7,pass,0
40197,2026-06-25 08:00,DIFF-01,B3,D-GOX,118,25,24.5,pass,0
40198,2026-06-25 08:00,CVD-01,C1,C-TEOS,198,25,45.2,pass,0
40199,2026-06-25 09:00,PHOTO-01,B3,P-LINE,144,1,28.6,pass,0
40200,2026-06-25 09:00,IMP-01,C1,I-PW,081,25,47.2,pass,0
40201,2026-06-25 09:00,PHOTO-01,B3,P-LINE,124,25,25.9,pass,5
40202,2026-06-25 10:00,PHOTO-01,B3,P-PAD,030,25,8.4,pass,0
40203,2026-06-25 10:00,PHOTO-01,C1,P-PAD,129,1,39.1,pass,0
40204,2026-06-25 11:00,PHOTO-02,B3,P-VIA,212,1,49.6,pass,4
40205,2026-06-25 11:00,IMP-01,B3,I-PW,213,25,9.7,pass,0
40206,2026-06-25 11:00,PHOTO-02,B3,P-LINE,017,25,32.0,pass,5
40207,2026-06-25 12:00,ETCH-02,B3,E-POLY,148,25,39.1,pass,0
40208,2026-06-25 12:00,CVD-02,A7,C-TEOS,065,25,47.2,pass,3
40209,2026-06-25 12:00,ETCH-01,C1,E-METAL,001,25,71.3,pass,0
40210,2026-06-25 13:00,DIFF-01,C1,D-GOX,106,25,15.4,pass,1
40211,2026-06-25 13:00,DIFF-01,A7,D-GOX,132,25,70.6,pass,0
40212,2026-06-25 13:00,ETCH-02,B3,E-OX,028,25,75.8,pass,0
40213,2026-06-25 14:00,CVD-01,A7,C-TEOS,079,25,13.1,pass,0
40214,2026-06-25 14:00,DIFF-01,A7,D-GOX,098,25,70.6,pass,0
40215,2026-06-25 14:00,ETCH-02,C1,E-OX,141,1,63.3,pass,0
40216,2026-06-25 15:00,METRO-01,B3,MEAS,188,25,55.8,pass,0
40217,2026-06-25 15:00,PHOTO-01,B3,P-VIA,071,25,12.9,pass,0
40218,2026-06-25 16:00,CVD-01,C1,C-NIT,064,25,92.3,pass,1
40219,2026-06-25 16:00,PHOTO-02,B3,P-LINE,173,25,93.4,pass,3
40220,2026-06-25 17:00,PHOTO-02,B3,P-PAD,225,25,36.9,pass,0
40221,2026-06-25 17:00,CVD-01,A7,C-NIT,169,1,53.1,pass,0
40222,2026-06-25 17:00,DIFF-01,B3,D-GOX,086,1,53.1,pass,3
40223,2026-06-25 18:00,CVD-02,B3,C-TEOS,219,25,83.0,pass,0
40224,2026-06-25 18:00,PHOTO-01,C1,P-PAD,213,25,94.3,pass,5
40225,2026-06-25 19:00,METRO-01,A7,MEAS,072,25,12.3,pass,5
40226,2026-06-25 19:00,CVD-02,A7,C-NIT,065,25,63.2,pass,0
40227,2026-06-25 19:00,CVD-01,A7,C-TEOS,021,25,41.0,pass,0
40228,2026-06-25 20:00,PHOTO-02,B3,P-LINE,014,25,82.0,pass,2
40229,2026-06-25 20:00,PHOTO-02,C1,P-VIA,221,1,52.4,pass,5
40230,2026-06-25 21:00,DIFF-01,C1,D-GOX,073,25,29.2,pass,0
40231,2026-06-25 21:00,ETCH-01,A7,E-METAL,184,25,76.5,pass,0
40232,2026-06-25 22:00,CMP-01,B3,M-W,095,25,76.6,pass,3
40233,2026-06-25 22:00,METRO-01,B3,MEAS,062,25,78.7,pass,5
40234,2026-06-25 23:00,METRO-01,A7,MEAS,143,1,28.1,pass,0
40235,2026-06-25 23:00,CVD-01,B3,C-NIT,205,25,34.4,pass,0
40236,2026-06-25 23:00,CVD-02,B3,C-NIT,198,25,26.9,pass,3
40237,2026-06-26 00:00,ETCH-01,A7,E-METAL,039,25,51.8,pass,4
40238,2026-06-26 00:00,IMP-01,A7,I-NW,014,25,53.3,pass,0
40239,2026-06-26 01:00,CVD-02,C1,C-NIT,138,25,40.5,pass,0
40240,2026-06-26 01:00,ETCH-01,B3,E-METAL,203,25,61.3,pass,0
40241,2026-06-26 01:00,PHOTO-01,B3,P-VIA,058,1,89.8,pass,0
40242,2026-06-26 02:00,PHOTO-02,B3,P-VIA,157,25,81.1,pass,0
40243,2026-06-26 02:00,PHOTO-01,A7,P-VIA,132,25,85.2,pass,0
40244,2026-06-26 03:00,ETCH-01,B3,E-POLY,148,25,53.9,pass,0
40245,2026-06-26 03:00,DIFF-01,A7,D-GOX,023,25,18.2,pass,0
40246,2026-06-26 03:00,ETCH-01,A7,E-METAL,011,25,59.4,pass,0
40247,2026-06-26 04:00,ETCH-02,A7,E-METAL,027,25,63.6,pass,0
40248,2026-06-26 04:00,PHOTO-02,A7,P-LINE,009,25,60.9,fail,30
40249,2026-06-26 04:00,CVD-01,C1,C-TEOS,169,25,75.4,fail,23
40250,2026-06-26 05:00,ETCH-02,A7,E-OX,114,1,18.1,pass,0
40251,2026-06-26 05:00,PHOTO-01,A7,P-VIA,159,25,81.0,pass,0
40252,2026-06-26 06:00,ETCH-01,B3,E-OX,185,25,94.7,pass,0
40253,2026-06-26 06:00,PHOTO-01,A7,P-LINE,036,25,92.9,pass,0
40254,2026-06-26 06:00,DIFF-01,A7,D-GOX,049,25,24.8,pass,3
40255,2026-06-26 07:00,DIFF-01,A7,D-GOX,109,25,74.2,pass,4
40256,2026-06-26 07:00,CMP-01,A7,M-OX,058,25,60.6,pass,0
40257,2026-06-26 07:00,PHOTO-01,B3,P-PAD,019,25,45.0,pass,0
40258,2026-06-26 08:00,DIFF-01,A7,D-GOX,196,25,20.2,pass,0
40259,2026-06-26 08:00,CVD-02,A7,C-NIT,031,25,77.6,pass,4
40260,2026-06-26 08:00,ETCH-01,B3,E-METAL,100,25,35.2,pass,0
40261,2026-06-26 09:00,METRO-01,A7,MEAS,011,25,88.3,pass,0
40262,2026-06-26 09:00,METRO-01,C1,MEAS,023,1,14.2,pass,5
40263,2026-06-26 10:00,ETCH-02,C1,E-POLY,188,25,60.4,fail,39
40264,2026-06-26 10:00,CVD-01,C1,C-TEOS,138,25,61.3,pass,0
40265,2026-06-26 10:00,CVD-01,A7,C-TEOS,023,25,50.6,pass,0
40266,2026-06-26 11:00,CVD-02,B3,C-NIT,160,25,69.6,pass,0
40267,2026-06-26 11:00,PHOTO-02,A7,P-LINE,040,25,25.1,pass,0
40268,2026-06-26 12:00,IMP-01,C1,I-NW,031,25,81.7,pass,0
40269,2026-06-26 12:00,CMP-01,C1,M-W,153,25,56.3,pass,1
40270,2026-06-26 13:00,PHOTO-01,A7,P-LINE,238,1,92.7,pass,2
40271,2026-06-26 13:00,IMP-01,A7,I-PW,033,25,28.9,pass,1
40272,2026-06-26 14:00,IMP-01,A7,I-PW,219,25,21.7,pass,0
40273,2026-06-26 14:00,ETCH-01,C1,E-OX,143,25,48.0,pass,0
40274,2026-06-26 15:00,IMP-01,A7,I-PW,117,1,41.3,pass,0
40275,2026-06-26 15:00,METRO-01,A7,MEAS,138,25,81.4,pass,0
40276,2026-06-26 16:00,ETCH-02,A7,E-OX,010,25,69.0,pass,0
40277,2026-06-26 16:00,DIFF-01,B3,D-GOX,062,25,94.2,pass,0
40278,2026-06-26 17:00,PHOTO-01,B3,P-PAD,143,25,93.2,pass,0
40279,2026-06-26 17:00,PHOTO-02,B3,P-PAD,129,1,56.7,fail,16
40280,2026-06-26 17:00,METRO-01,B3,MEAS,222,25,14.1,pass,0
40281,2026-06-26 18:00,CMP-01,B3,M-OX,047,25,19.5,pass,0
40282,2026-06-26 18:00,CVD-01,B3,C-TEOS,071,25,30.6,pass,0
40283,2026-06-26 19:00,ETCH-01,C1,E-METAL,049,25,19.0,pass,0
40284,2026-06-26 19:00,PHOTO-01,B3,P-VIA,166,25,11.4,pass,0
40285,2026-06-26 19:00,CVD-02,B3,C-TEOS,199,25,44.5,pass,0
40286,2026-06-26 20:00,CMP-01,C1,M-OX,164,25,36.3,pass,0
40287,2026-06-26 20:00,IMP-01,B3,I-NW,013,25,50.2,pass,0
40288,2026-06-26 21:00,ETCH-01,B3,E-OX,137,25,26.0,pass,0
40289,2026-06-26 21:00,CVD-02,C1,C-TEOS,066,25,82.8,pass,0
40290,2026-06-26 22:00,PHOTO-02,B3,P-LINE,215,25,18.0,pass,4
40291,2026-06-26 22:00,PHOTO-01,B3,P-PAD,118,1,57.4,pass,2
40292,2026-06-26 22:00,PHOTO-01,B3,P-PAD,155,25,66.2,pass,0
40293,2026-06-26 23:00,PHOTO-02,A7,P-VIA,022,25,57.3,pass,0
40294,2026-06-26 23:00,ETCH-02,A7,E-METAL,237,1,12.7,pass,0
40295,2026-06-27 00:00,PHOTO-01,A7,P-LINE,072,25,22.8,pass,0
40296,2026-06-27 00:00,CVD-01,B3,C-TEOS,088,1,93.1,pass,0
40297,2026-06-27 00:00,ETCH-02,A7,E-POLY,211,1,23.4,pass,0
40298,2026-06-27 01:00,CVD-01,B3,C-NIT,076,25,57.7,abort,24
40299,2026-06-27 01:00,CVD-01,A7,C-NIT,053,25,71.5,pass,4
40300,2026-06-27 02:00,CMP-01,C1,M-OX,018,1,64.2,pass,0
40301,2026-06-27 02:00,DIFF-01,A7,D-GOX,203,25,21.7,pass,0
40302,2026-06-27 02:00,DIFF-01,A7,D-GOX,054,1,60.3,fail,34
40303,2026-06-27 03:00,CVD-01,A7,C-TEOS,116,1,56.1,pass,2
40304,2026-06-27 03:00,DIFF-01,B3,D-GOX,042,25,27.1,pass,1
40305,2026-06-27 04:00,PHOTO-01,B3,P-VIA,216,25,51.7,pass,0
40306,2026-06-27 04:00,METRO-01,A7,MEAS,152,25,79.1,pass,0
40307,2026-06-27 04:00,PHOTO-02,A7,P-VIA,146,1,25.4,pass,0
40308,2026-06-27 05:00,ETCH-01,A7,E-METAL,085,1,93.9,pass,3
40309,2026-06-27 05:00,PHOTO-01,C1,P-LINE,060,25,76.6,pass,1
40310,2026-06-27 06:00,PHOTO-02,C1,P-PAD,222,1,71.8,pass,0
40311,2026-06-27 06:00,PHOTO-02,A7,P-PAD,127,25,33.9,pass,0
40312,2026-06-27 07:00,DIFF-01,B3,D-GOX,052,25,70.3,pass,0
40313,2026-06-27 07:00,ETCH-02,A7,E-METAL,123,1,61.7,pass,0
40314,2026-06-27 08:00,PHOTO-02,B3,P-PAD,199,25,35.8,fail,16
40315,2026-06-27 08:00,CVD-02,A7,C-NIT,102,1,86.3,pass,0
40316,2026-06-27 08:00,PHOTO-01,B3,P-LINE,131,25,89.6,pass,1
40317,2026-06-27 09:00,CVD-01,C1,C-TEOS,186,25,91.0,pass,0
40318,2026-06-27 09:00,IMP-01,B3,I-PW,094,25,58.0,pass,0
40319,2026-06-27 10:00,ETCH-01,A7,E-POLY,066,25,66.3,pass,0
40320,2026-06-27 10:00,CVD-01,A7,C-TEOS,089,25,24.2,pass,3
40321,2026-06-27 11:00,PHOTO-01,A7,P-VIA,150,1,44.7,pass,0
40322,2026-06-27 11:00,CMP-01,B3,M-OX,191,25,13.6,fail,7
40323,2026-06-27 11:00,PHOTO-01,A7,P-LINE,046,25,44.3,pass,0
40324,2026-06-27 12:00,PHOTO-01,A7,P-LINE,183,25,62.5,pass,0
40325,2026-06-27 12:00,CVD-02,B3,C-TEOS,174,1,65.7,pass,5
40326,2026-06-27 13:00,IMP-01,B3,I-NW,130,25,87.4,pass,0
40327,2026-06-27 13:00,PHOTO-01,B3,P-LINE,066,25,37.2,pass,4
40328,2026-06-27 13:00,DIFF-01,B3,D-GOX,173,25,79.4,pass,0
40329,2026-06-27 14:00,CVD-02,A7,C-NIT,067,25,62.2,pass,0
40330,2026-06-27 14:00,CVD-01,A7,C-NIT,005,1,66.1,pass,2
40331,2026-06-27 14:00,ETCH-01,C1,E-OX,202,1,11.2,pass,5
40332,2026-06-27 15:00,PHOTO-01,A7,P-PAD,128,25,11.4,pass,0
40333,2026-06-27 15:00,ETCH-01,C1,E-METAL,194,25,30.2,pass,0
40334,2026-06-27 15:00,CVD-02,A7,C-NIT,227,25,8.2,pass,0
40335,2026-06-27 16:00,METRO-01,A7,MEAS,121,25,24.4,pass,5
40336,2026-06-27 16:00,CVD-02,A7,C-TEOS,020,25,24.2,pass,4
40337,2026-06-27 16:00,METRO-01,B3,MEAS,204,25,56.0,pass,0
40338,2026-06-27 17:00,PHOTO-01,B3,P-VIA,236,25,20.2,pass,0
40339,2026-06-27 17:00,ETCH-02,A7,E-POLY,180,25,73.0,pass,2
40340,2026-06-27 17:00,ETCH-02,A7,E-POLY,043,25,63.7,pass,0
40341,2026-06-27 18:00,IMP-01,C1,I-PW,225,25,56.2,pass,0
40342,2026-06-27 18:00,ETCH-01,B3,E-OX,235,25,10.6,pass,0
40343,2026-06-27 18:00,DIFF-01,A7,D-GOX,021,25,65.7,pass,0
40344,2026-06-27 19:00,PHOTO-02,A7,P-PAD,223,25,32.7,pass,0
40345,2026-06-27 19:00,CMP-01,C1,M-OX,175,25,75.6,pass,0
40346,2026-06-27 20:00,IMP-01,B3,I-PW,203,25,48.0,pass,0
40347,2026-06-27 20:00,CMP-01,C1,M-OX,169,25,33.5,pass,0
40348,2026-06-27 20:00,IMP-01,A7,I-PW,050,25,68.1,pass,0
40349,2026-06-27 21:00,CVD-01,B3,C-TEOS,192,1,48.9,pass,1
40350,2026-06-27 21:00,CMP-01,C1,M-W,145,1,75.9,pass,0
40351,2026-06-27 22:00,ETCH-02,C1,E-POLY,082,25,31.5,pass,0
40352,2026-06-27 22:00,PHOTO-02,A7,P-PAD,216,25,94.1,pass,0
40353,2026-06-27 23:00,ETCH-02,B3,E-OX,094,25,89.7,pass,0
40354,2026-06-27 23:00,CMP-01,A7,M-OX,161,25,51.2,pass,0
40355,2026-06-28 00:00,CVD-01,A7,C-TEOS,028,25,41.5,pass,0
40356,2026-06-28 00:00,CMP-01,B3,M-W,167,25,57.0,pass,0
40357,2026-06-28 01:00,METRO-01,A7,MEAS,002,1,58.3,pass,0
40358,2026-06-28 01:00,DIFF-01,B3,D-GOX,164,1,42.7,pass,3
40359,2026-06-28 02:00,PHOTO-01,A7,P-VIA,027,25,54.9,pass,0
40360,2026-06-28 02:00,CVD-02,C1,C-NIT,071,1,29.7,pass,0
40361,2026-06-28 03:00,CVD-02,C1,C-TEOS,036,1,90.4,pass,1
40362,2026-06-28 03:00,PHOTO-01,B3,P-VIA,152,25,37.2,fail,25
40363,2026-06-28 03:00,ETCH-01,B3,E-OX,103,1,24.6,pass,0
40364,2026-06-28 04:00,CVD-01,B3,C-NIT,062,25,58.3,pass,0
40365,2026-06-28 04:00,CMP-01,A7,M-OX,144,25,66.0,pass,0
40366,2026-06-28 05:00,ETCH-02,B3,E-OX,081,25,63.4,pass,1
40367,2026-06-28 05:00,CVD-02,B3,C-NIT,043,25,27.5,abort,6
40368,2026-06-28 05:00,METRO-01,A7,MEAS,012,25,35.7,pass,1
40369,2026-06-28 06:00,CVD-02,C1,C-NIT,158,25,44.5,pass,0
40370,2026-06-28 06:00,CVD-02,A7,C-NIT,112,25,22.6,pass,0
40371,2026-06-28 07:00,CMP-01,A7,M-OX,148,25,74.1,pass,0
40372,2026-06-28 07:00,PHOTO-01,B3,P-VIA,031,25,89.3,pass,0
40373,2026-06-28 07:00,PHOTO-01,B3,P-PAD,230,1,25.5,pass,1
40374,2026-06-28 08:00,CMP-01,B3,M-W,122,1,40.8,pass,0
40375,2026-06-28 08:00,CVD-01,A7,C-NIT,065,25,34.4,pass,5
40376,2026-06-28 09:00,PHOTO-01,A7,P-VIA,076,1,82.7,pass,0
40377,2026-06-28 09:00,DIFF-01,A7,D-GOX,179,1,21.4,pass,0
40378,2026-06-28 09:00,IMP-01,A7,I-PW,025,25,46.6,pass,0
40379,2026-06-28 10:00,ETCH-02,A7,E-METAL,095,25,92.4,pass,0
40380,2026-06-28 10:00,DIFF-01,B3,D-GOX,235,25,59.7,pass,0
40381,2026-06-28 11:00,CMP-01,A7,M-W,068,25,19.5,pass,0
40382,2026-06-28 11:00,CVD-01,C1,C-NIT,059,25,82.9,pass,0
40383,2026-06-28 11:00,IMP-01,B3,I-PW,011,25,32.3,pass,0
40384,2026-06-28 12:00,ETCH-02,B3,E-OX,186,1,22.6,pass,5
40385,2026-06-28 12:00,DIFF-01,C1,D-GOX,166,1,82.9,fail,21
40386,2026-06-28 13:00,ETCH-01,C1,E-OX,163,1,56.4,abort,7
40387,2026-06-28 13:00,CMP-01,A7,M-OX,168,25,63.2,pass,3
40388,2026-06-28 13:00,PHOTO-01,A7,P-LINE,173,1,65.4,pass,0
40389,2026-06-28 14:00,PHOTO-02,B3,P-PAD,012,25,77.6,pass,2
40390,2026-06-28 14:00,CMP-01,B3,M-W,113,25,27.8,pass,0
40391,2026-06-28 14:00,CVD-02,B3,C-TEOS,016,25,11.2,pass,2
40392,2026-06-28 15:00,METRO-01,A7,MEAS,109,25,80.1,pass,1
40393,2026-06-28 15:00,PHOTO-02,A7,P-VIA,152,25,14.4,fail,22
40394,2026-06-28 15:00,DIFF-01,B3,D-GOX,119,25,35.5,pass,0
40395,2026-06-28 16:00,ETCH-01,A7,E-OX,045,25,10.0,pass,5
40396,2026-06-28 16:00,ETCH-01,B3,E-METAL,041,25,67.5,pass,0
40397,2026-06-28 17:00,ETCH-02,C1,E-METAL,178,25,21.9,pass,0
40398,2026-06-28 17:00,ETCH-01,C1,E-OX,230,25,11.4,pass,0
40399,2026-06-28 18:00,ETCH-02,C1,E-POLY,138,25,48.0,pass,0
40400,2026-06-28 18:00,DIFF-01,B3,D-GOX,145,25,29.0,pass,0
40401,2026-06-28 18:00,DIFF-01,B3,D-GOX,122,1,62.7,pass,0
40402,2026-06-28 19:00,DIFF-01,B3,D-GOX,051,25,38.7,pass,0
40403,2026-06-28 19:00,CMP-01,A7,M-W,224,25,59.7,pass,0
40404,2026-06-28 19:00,CMP-01,A7,M-OX,032,25,37.4,pass,0
40405,2026-06-28 20:00,CVD-01,B3,C-TEOS,105,25,12.6,pass,0
40406,2026-06-28 20:00,ETCH-01,B3,E-POLY,050,25,91.9,pass,0
40407,2026-06-28 20:00,PHOTO-01,A7,P-VIA,202,1,22.1,pass,0
40408,2026-06-28 21:00,METRO-01,B3,MEAS,198,25,52.9,pass,5
40409,2026-06-28 21:00,CVD-01,B3,C-NIT,048,1,38.8,pass,0
40410,2026-06-28 21:00,PHOTO-02,B3,P-LINE,182,1,42.5,pass,0
40411,2026-06-28 22:00,PHOTO-01,B3,P-LINE,176,25,80.8,pass,0
40412,2026-06-28 22:00,ETCH-02,B3,E-POLY,224,25,83.1,pass,0
40413,2026-06-28 22:00,METRO-01,B3,MEAS,092,25,87.1,pass,0
40414,2026-06-28 23:00,METRO-01,A7,MEAS,111,25,12.3,pass,0
40415,2026-06-28 23:00,CMP-01,C1,M-OX,222,25,86.7,pass,0
40416,2026-06-29 00:00,DIFF-01,C1,D-GOX,032,1,81.0,abort,4
40417,2026-06-29 00:00,CVD-01,A7,C-TEOS,105,25,41.1,pass,0
40418,2026-06-29 00:00,ETCH-01,C1,E-OX,050,1,87.0,pass,0
40419,2026-06-29 01:00,PHOTO-02,B3,P-PAD,174,25,86.5,pass,4
40420,2026-06-29 01:00,IMP-01,A7,I-NW,238,1,25.8,pass,0
40421,2026-06-29 02:00,PHOTO-01,A7,P-LINE,182,25,32.6,pass,0
40422,2026-06-29 02:00,CVD-01,B3,C-TEOS,184,25,14.6,pass,0
40423,2026-06-29 03:00,DIFF-01,B3,D-GOX,200,25,12.5,pass,0
40424,2026-06-29 03:00,DIFF-01,A7,D-GOX,036,1,74.6,pass,3
40425,2026-06-29 04:00,ETCH-01,B3,E-POLY,022,25,26.8,pass,0
40426,2026-06-29 04:00,PHOTO-02,B3,P-PAD,153,25,94.3,pass,0
40427,2026-06-29 04:00,CVD-01,B3,C-TEOS,005,25,15.4,pass,0
40428,2026-06-29 05:00,CMP-01,B3,M-W,060,25,73.4,pass,5
40429,2026-06-29 05:00,PHOTO-02,C1,P-VIA,159,25,73.5,pass,0
40430,2026-06-29 05:00,PHOTO-01,A7,P-VIA,116,25,93.1,pass,2
40431,2026-06-29 06:00,CMP-01,B3,M-OX,119,25,72.6,pass,1
40432,2026-06-29 06:00,ETCH-02,C1,E-METAL,119,25,72.7,pass,0
40433,2026-06-29 06:00,ETCH-02,B3,E-OX,019,1,51.3,pass,5
40434,2026-06-29 07:00,PHOTO-01,A7,P-PAD,091,25,63.8,pass,5
40435,2026-06-29 07:00,METRO-01,A7,MEAS,166,25,24.2,pass,0
40436,2026-06-29 07:00,ETCH-01,A7,E-POLY,123,25,92.1,pass,3
40437,2026-06-29 08:00,METRO-01,B3,MEAS,210,25,20.1,pass,2
40438,2026-06-29 08:00,PHOTO-02,B3,P-PAD,076,25,79.3,pass,3
40439,2026-06-29 09:00,PHOTO-02,A7,P-VIA,043,25,15.6,pass,0
40440,2026-06-29 09:00,CVD-01,B3,C-NIT,004,1,43.3,pass,0
40441,2026-06-29 10:00,CMP-01,B3,M-OX,225,1,39.4,pass,0
40442,2026-06-29 10:00,IMP-01,B3,I-NW,113,25,29.5,pass,0
40443,2026-06-29 10:00,ETCH-01,A7,E-METAL,039,25,63.6,pass,4
40444,2026-06-29 11:00,PHOTO-01,C1,P-LINE,069,25,33.2,pass,0
40445,2026-06-29 11:00,CVD-01,A7,C-TEOS,203,25,20.5,pass,0
40446,2026-06-29 11:00,METRO-01,A7,MEAS,150,25,76.9,pass,0
40447,2026-06-29 12:00,PHOTO-02,B3,P-PAD,132,25,34.9,pass,0
40448,2026-06-29 12:00,PHOTO-02,C1,P-LINE,198,25,51.5,pass,0
40449,2026-06-29 12:00,ETCH-02,A7,E-POLY,069,25,78.0,pass,0
40450,2026-06-29 13:00,CVD-01,C1,C-TEOS,128,1,62.6,pass,0
40451,2026-06-29 13:00,IMP-01,A7,I-NW,182,1,19.0,pass,0
40452,2026-06-29 13:00,PHOTO-01,B3,P-LINE,230,25,62.9,pass,0
40453,2026-06-29 14:00,ETCH-01,B3,E-POLY,005,25,30.8,pass,1
40454,2026-06-29 14:00,DIFF-01,A7,D-GOX,185,25,83.5,pass,0
40455,2026-06-29 15:00,METRO-01,B3,MEAS,235,1,27.3,pass,0
40456,2026-06-29 15:00,ETCH-01,B3,E-POLY,183,25,90.5,pass,0
40457,2026-06-29 15:00,METRO-01,B3,MEAS,112,25,73.4,pass,1
40458,2026-06-29 16:00,CVD-02,A7,C-TEOS,074,1,71.5,pass,0
40459,2026-06-29 16:00,CMP-01,B3,M-OX,209,25,11.8,pass,0
40460,2026-06-29 17:00,METRO-01,B3,MEAS,052,25,71.3,pass,0
40461,2026-06-29 17:00,CMP-01,A7,M-W,048,25,13.9,pass,0
40462,2026-06-29 18:00,IMP-01,C1,I-NW,239,25,79.7,pass,0
40463,2026-06-29 18:00,CVD-01,B3,C-TEOS,228,25,87.8,pass,3
40464,2026-06-29 18:00,METRO-01,B3,MEAS,104,25,30.7,pass,0
40465,2026-06-29 19:00,PHOTO-01,C1,P-VIA,016,25,47.9,pass,0
40466,2026-06-29 19:00,PHOTO-01,B3,P-LINE,062,25,90.6,pass,0
40467,2026-06-29 19:00,CVD-01,B3,C-TEOS,070,1,33.5,pass,0
40468,2026-06-29 20:00,CVD-01,A7,C-NIT,184,25,40.4,pass,0
40469,2026-06-29 20:00,CVD-02,B3,C-TEOS,233,1,44.4,pass,0
40470,2026-06-29 21:00,ETCH-02,C1,E-METAL,220,1,66.2,pass,0
40471,2026-06-29 21:00,DIFF-01,A7,D-GOX,062,25,44.6,pass,0
40472,2026-06-29 22:00,CVD-02,C1,C-NIT,108,25,55.2,pass,0
40473,2026-06-29 22:00,PHOTO-02,A7,P-PAD,125,25,88.2,pass,0
40474,2026-06-29 23:00,METRO-01,A7,MEAS,193,25,35.6,pass,1
40475,2026-06-29 23:00,DIFF-01,B3,D-GOX,092,1,59.5,pass,0
40476,2026-06-29 23:00,PHOTO-01,C1,P-PAD,043,1,58.8,pass,2
40477,2026-06-30 00:00,ETCH-01,A7,E-METAL,220,25,38.7,pass,0
40478,2026-06-30 00:00,ETCH-02,B3,E-METAL,068,25,88.5,fail,8
40479,2026-06-30 01:00,ETCH-01,A7,E-METAL,167,1,66.6,pass,0
40480,2026-06-30 01:00,CVD-01,A7,C-TEOS,038,25,94.9,pass,0
40481,2026-06-30 02:00,IMP-01,B3,I-NW,206,1,13.4,pass,0
40482,2026-06-30 02:00,ETCH-01,B3,E-METAL,089,25,83.9,pass,5
40483,2026-06-30 02:00,ETCH-01,C1,E-METAL,060,25,12.7,pass,0
40484,2026-06-30 03:00,DIFF-01,A7,D-GOX,240,1,85.9,pass,0
40485,2026-06-30 03:00,IMP-01,A7,I-PW,015,1,47.9,pass,0
40486,2026-06-30 04:00,PHOTO-01,B3,P-PAD,218,25,75.2,pass,0
40487,2026-06-30 04:00,ETCH-01,A7,E-POLY,165,25,91.9,pass,0
40488,2026-06-30 05:00,PHOTO-02,A7,P-LINE,070,25,10.4,pass,0
40489,2026-06-30 05:00,PHOTO-01,A7,P-PAD,011,1,45.4,pass,3
40490,2026-06-30 05:00,PHOTO-02,B3,P-PAD,206,1,47.3,pass,0
40491,2026-06-30 06:00,ETCH-02,A7,E-OX,202,25,85.6,pass,0
40492,2026-06-30 06:00,CVD-01,A7,C-NIT,202,1,93.4,pass,0
40493,2026-06-30 06:00,CVD-02,A7,C-TEOS,024,1,92.2,fail,34
40494,2026-06-30 07:00,ETCH-02,A7,E-POLY,104,25,63.2,pass,0
40495,2026-06-30 07:00,PHOTO-01,B3,P-PAD,029,25,85.8,pass,0
40496,2026-06-30 07:00,CVD-02,B3,C-TEOS,100,25,40.5,pass,1
40497,2026-06-30 08:00,CVD-02,B3,C-NIT,019,1,47.6,pass,2
40498,2026-06-30 08:00,IMP-01,B3,I-PW,173,25,56.8,pass,1
40499,2026-06-30 08:00,CMP-01,B3,M-W,156,25,93.1,pass,3
40500,2026-06-30 09:00,PHOTO-02,B3,P-VIA,103,25,22.6,pass,0
40501,2026-06-30 09:00,PHOTO-02,A7,P-VIA,202,1,90.5,pass,0
40502,2026-06-30 10:00,CMP-01,B3,M-W,082,25,48.6,pass,0
40503,2026-06-30 10:00,CMP-01,B3,M-OX,098,25,39.1,pass,0
40504,2026-06-30 11:00,CVD-02,B3,C-NIT,014,25,18.2,pass,0
40505,2026-06-30 11:00,PHOTO-02,B3,P-LINE,003,1,48.7,pass,0
40506,2026-06-30 12:00,ETCH-01,B3,E-METAL,141,25,56.5,pass,0
40507,2026-06-30 12:00,CVD-02,A7,C-TEOS,004,25,86.9,pass,0
40508,2026-06-30 12:00,DIFF-01,A7,D-GOX,166,25,30.3,pass,0
40509,2026-06-30 13:00,PHOTO-01,B3,P-VIA,158,25,72.6,fail,40
40510,2026-06-30 13:00,CVD-02,A7,C-TEOS,045,25,45.7,pass,0
40511,2026-06-30 14:00,PHOTO-02,B3,P-VIA,108,25,81.0,pass,0
40512,2026-06-30 14:00,IMP-01,B3,I-NW,146,25,87.1,pass,3
40513,2026-06-30 14:00,PHOTO-02,A7,P-LINE,135,25,29.5,pass,1
40514,2026-06-30 15:00,IMP-01,C1,I-PW,080,25,18.9,pass,0
40515,2026-06-30 15:00,ETCH-02,A7,E-METAL,185,25,52.7,pass,0
40516,2026-06-30 15:00,DIFF-01,B3,D-GOX,208,25,85.8,pass,0
40517,2026-06-30 16:00,DIFF-01,B3,D-GOX,202,25,46.4,pass,4
40518,2026-06-30 16:00,ETCH-02,A7,E-POLY,097,25,94.8,pass,3
40519,2026-06-30 16:00,DIFF-01,A7,D-GOX,110,1,29.9,pass,1
40520,2026-06-30 17:00,METRO-01,B3,MEAS,184,25,68.7,pass,0
40521,2026-06-30 17:00,CMP-01,B3,M-OX,090,1,42.2,pass,5
40522,2026-06-30 18:00,ETCH-02,B3,E-POLY,216,1,72.1,pass,5
40523,2026-06-30 18:00,PHOTO-02,B3,P-VIA,213,25,82.3,fail,9
40524,2026-06-30 19:00,CVD-01,B3,C-TEOS,100,25,77.4,pass,3
40525,2026-06-30 19:00,ETCH-02,A7,E-OX,064,25,44.1,pass,0
40526,2026-06-30 20:00,PHOTO-02,A7,P-PAD,077,1,87.7,pass,0
40527,2026-06-30 20:00,METRO-01,B3,MEAS,001,25,88.7,pass,0
40528,2026-06-30 21:00,ETCH-01,B3,E-OX,034,1,83.2,pass,0
40529,2026-06-30 21:00,CMP-01,C1,M-W,054,1,54.1,pass,5
40530,2026-06-30 22:00,METRO-01,A7,MEAS,016,25,52.7,pass,0
40531,2026-06-30 22:00,DIFF-01,B3,D-GOX,072,25,85.4,pass,5
40532,2026-06-30 22:00,CMP-01,A7,M-OX,189,1,74.7,pass,0
40533,2026-06-30 23:00,PHOTO-01,A7,P-PAD,172,1,16.8,pass,0
40534,2026-06-30 23:00,CVD-01,A7,C-NIT,079,25,67.5,pass,0
40535,2026-07-01 00:00,ETCH-02,A7,E-METAL,213,25,13.6,pass,0
40536,2026-07-01 00:00,CVD-01,B3,C-TEOS,156,25,58.1,pass,5
40537,2026-07-01 01:00,IMP-01,B3,I-PW,172,25,39.4,pass,5
40538,2026-07-01 01:00,METRO-01,C1,MEAS,166,25,94.2,pass,0
40539,2026-07-01 02:00,IMP-01,B3,I-NW,140,25,48.0,pass,0
40540,2026-07-01 02:00,METRO-01,C1,MEAS,214,25,46.1,pass,1
40541,2026-07-01 02:00,PHOTO-01,B3,P-VIA,110,25,41.6,pass,0
40542,2026-07-01 03:00,CMP-01,A7,M-OX,134,1,78.9,pass,0
40543,2026-07-01 03:00,IMP-01,A7,I-NW,165,25,22.1,pass,2
40544,2026-07-01 04:00,METRO-01,A7,MEAS,105,25,39.1,pass,0
40545,2026-07-01 04:00,PHOTO-02,C1,P-PAD,028,25,83.7,pass,3
40546,2026-07-01 05:00,PHOTO-01,C1,P-PAD,223,25,86.2,pass,0
40547,2026-07-01 05:00,PHOTO-02,B3,P-VIA,199,1,16.8,pass,0
40548,2026-07-01 06:00,METRO-01,B3,MEAS,128,25,65.5,pass,0
40549,2026-07-01 06:00,CMP-01,B3,M-W,166,25,91.4,pass,1
40550,2026-07-01 07:00,METRO-01,C1,MEAS,004,25,16.3,pass,0
40551,2026-07-01 07:00,IMP-01,C1,I-NW,079,1,76.4,pass,0
40552,2026-07-01 08:00,CVD-02,B3,C-TEOS,114,25,28.9,pass,0
40553,2026-07-01 08:00,ETCH-01,A7,E-POLY,154,25,89.5,pass,5
40554,2026-07-01 09:00,ETCH-01,A7,E-OX,013,25,31.5,pass,0
40555,2026-07-01 09:00,CVD-01,C1,C-TEOS,108,25,51.9,pass,0
40556,2026-07-01 09:00,CVD-01,B3,C-NIT,230,25,42.6,pass,0
40557,2026-07-01 10:00,DIFF-01,A7,D-GOX,064,25,47.8,pass,0
40558,2026-07-01 10:00,CMP-01,B3,M-OX,189,25,34.7,pass,0
40559,2026-07-01 10:00,CVD-01,B3,C-TEOS,065,25,82.7,pass,2
40560,2026-07-01 11:00,CMP-01,A7,M-OX,020,1,55.5,pass,0
40561,2026-07-01 11:00,IMP-01,A7,I-PW,165,25,50.2,pass,0
40562,2026-07-01 12:00,PHOTO-02,C1,P-VIA,172,25,81.6,pass,5
40563,2026-07-01 12:00,ETCH-02,A7,E-OX,024,25,73.2,pass,0
40564,2026-07-01 13:00,METRO-01,A7,MEAS,013,25,76.4,pass,0
40565,2026-07-01 13:00,CMP-01,C1,M-OX,213,25,19.5,pass,0
40566,2026-07-01 13:00,ETCH-01,A7,E-POLY,061,1,56.6,pass,5
40567,2026-07-01 14:00,PHOTO-02,B3,P-VIA,134,25,24.2,pass,0
40568,2026-07-01 14:00,CMP-01,C1,M-W,200,25,68.2,pass,0
40569,2026-07-01 15:00,CVD-02,A7,C-TEOS,174,1,20.7,pass,1
40570,2026-07-01 15:00,PHOTO-01,B3,P-LINE,221,25,91.7,pass,4
40571,2026-07-01 15:00,CVD-02,C1,C-TEOS,077,25,63.5,pass,2
40572,2026-07-01 16:00,CVD-02,B3,C-TEOS,027,1,64.2,pass,0
40573,2026-07-01 16:00,IMP-01,B3,I-NW,166,1,85.4,pass,0
40574,2026-07-01 17:00,IMP-01,B3,I-NW,109,1,91.8,pass,0
40575,2026-07-01 17:00,ETCH-02,A7,E-POLY,156,25,20.3,pass,0
40576,2026-07-01 18:00,IMP-01,A7,I-PW,188,25,15.1,pass,5
40577,2026-07-01 18:00,CMP-01,A7,M-W,229,25,46.6,pass,0
40578,2026-07-01 19:00,PHOTO-02,B3,P-VIA,175,25,41.7,pass,2
40579,2026-07-01 19:00,METRO-01,A7,MEAS,107,25,90.0,pass,1
40580,2026-07-01 19:00,PHOTO-02,A7,P-VIA,107,1,40.0,pass,0
40581,2026-07-01 20:00,ETCH-01,A7,E-POLY,204,25,25.9,pass,0
40582,2026-07-01 20:00,CVD-01,B3,C-TEOS,114,25,40.2,pass,0
40583,2026-07-01 21:00,PHOTO-01,B3,P-VIA,138,25,75.7,pass,4
40584,2026-07-01 21:00,PHOTO-01,B3,P-PAD,133,25,31.7,pass,0
40585,2026-07-01 21:00,PHOTO-02,A7,P-PAD,191,25,77.1,pass,0
40586,2026-07-01 22:00,IMP-01,B3,I-PW,078,25,62.3,pass,0
40587,2026-07-01 22:00,PHOTO-02,B3,P-VIA,078,25,58.5,fail,16
40588,2026-07-01 23:00,DIFF-01,B3,D-GOX,089,25,9.8,pass,3
40589,2026-07-01 23:00,CMP-01,B3,M-W,128,25,26.3,pass,0
40590,2026-07-01 23:00,CVD-02,A7,C-TEOS,198,1,91.0,pass,0
40591,2026-07-02 00:00,DIFF-01,A7,D-GOX,162,1,66.7,pass,0
40592,2026-07-02 00:00,DIFF-01,C1,D-GOX,101,25,29.4,pass,3
40593,2026-07-02 00:00,PHOTO-01,B3,P-LINE,099,25,91.8,pass,0
40594,2026-07-02 01:00,CVD-02,A7,C-TEOS,151,25,25.6,pass,0
40595,2026-07-02 01:00,CVD-01,A7,C-NIT,073,25,61.8,pass,0
40596,2026-07-02 01:00,ETCH-01,A7,E-POLY,135,25,11.0,pass,0
40597,2026-07-02 02:00,METRO-01,C1,MEAS,192,25,86.2,pass,0
40598,2026-07-02 02:00,CMP-01,B3,M-W,183,1,91.0,pass,0
40599,2026-07-02 02:00,CVD-01,B3,C-TEOS,107,25,18.2,pass,0
40600,2026-07-02 03:00,ETCH-02,A7,E-POLY,199,1,40.9,fail,19
40601,2026-07-02 03:00,CVD-01,B3,C-TEOS,145,25,21.3,pass,0
40602,2026-07-02 03:00,ETCH-01,B3,E-POLY,141,25,73.3,pass,0
40603,2026-07-02 04:00,CVD-02,A7,C-NIT,052,25,28.4,pass,0
40604,2026-07-02 04:00,ETCH-02,A7,E-POLY,046,25,65.5,pass,0
40605,2026-07-02 05:00,CVD-02,B3,C-TEOS,185,25,21.3,pass,0
40606,2026-07-02 05:00,CVD-02,C1,C-NIT,014,1,31.3,pass,4
40607,2026-07-02 06:00,ETCH-02,A7,E-OX,032,25,71.5,pass,0
40608,2026-07-02 06:00,ETCH-02,C1,E-OX,035,1,65.0,pass,0
40609,2026-07-02 06:00,DIFF-01,C1,D-GOX,232,25,55.3,pass,3
40610,2026-07-02 07:00,ETCH-02,A7,E-POLY,083,25,30.5,pass,0
40611,2026-07-02 07:00,CMP-01,B3,M-OX,144,25,45.6,pass,0
40612,2026-07-02 08:00,PHOTO-01,B3,P-VIA,182,25,48.5,pass,0
40613,2026-07-02 08:00,ETCH-02,A7,E-METAL,020,25,84.8,pass,0
40614,2026-07-02 09:00,CVD-02,B3,C-TEOS,160,25,78.2,pass,0
40615,2026-07-02 09:00,ETCH-02,B3,E-METAL,132,25,26.0,pass,0
40616,2026-07-02 10:00,CVD-01,B3,C-TEOS,124,25,29.5,pass,0
40617,2026-07-02 10:00,CVD-01,A7,C-NIT,011,25,44.0,pass,0
40618,2026-07-02 11:00,ETCH-01,A7,E-OX,218,25,33.6,pass,0
40619,2026-07-02 11:00,CVD-02,A7,C-NIT,090,1,35.1,pass,0
40620,2026-07-02 11:00,METRO-01,B3,MEAS,218,1,32.2,pass,0
40621,2026-07-02 12:00,CVD-02,B3,C-TEOS,005,25,48.9,pass,0
40622,2026-07-02 12:00,CVD-01,B3,C-NIT,066,25,44.7,pass,0
40623,2026-07-02 12:00,CVD-01,B3,C-TEOS,065,1,10.8,pass,0
40624,2026-07-02 13:00,PHOTO-02,A7,P-VIA,043,25,39.0,pass,0
40625,2026-07-02 13:00,METRO-01,A7,MEAS,072,1,81.8,pass,0
40626,2026-07-02 14:00,PHOTO-01,A7,P-LINE,220,1,50.2,fail,4
40627,2026-07-02 14:00,CVD-01,B3,C-TEOS,230,25,55.4,pass,0
40628,2026-07-02 14:00,CVD-01,A7,C-TEOS,194,25,39.0,pass,0
40629,2026-07-02 15:00,IMP-01,A7,I-PW,228,25,75.1,pass,0
40630,2026-07-02 15:00,IMP-01,A7,I-NW,021,1,33.4,pass,0
40631,2026-07-02 15:00,CMP-01,C1,M-W,181,25,26.7,pass,0
40632,2026-07-02 16:00,CMP-01,A7,M-W,026,25,50.0,abort,10
40633,2026-07-02 16:00,DIFF-01,A7,D-GOX,131,25,21.4,pass,0
40634,2026-07-02 16:00,PHOTO-01,A7,P-PAD,180,1,34.9,pass,0
40635,2026-07-02 17:00,ETCH-01,B3,E-POLY,225,25,28.4,pass,0
40636,2026-07-02 17:00,ETCH-01,A7,E-METAL,135,25,84.9,pass,4
40637,2026-07-02 17:00,IMP-01,C1,I-NW,178,1,88.6,pass,0
40638,2026-07-02 18:00,PHOTO-02,A7,P-LINE,019,25,73.0,fail,8
40639,2026-07-02 18:00,ETCH-02,B3,E-OX,130,25,94.4,pass,0
40640,2026-07-02 18:00,PHOTO-02,A7,P-VIA,017,25,32.0,fail,10
40641,2026-07-02 19:00,PHOTO-01,A7,P-LINE,020,25,33.9,fail,11
40642,2026-07-02 19:00,DIFF-01,B3,D-GOX,073,1,63.1,pass,0
40643,2026-07-02 20:00,ETCH-01,B3,E-POLY,039,25,68.8,pass,3
40644,2026-07-02 20:00,PHOTO-02,C1,P-LINE,033,25,55.7,pass,0
40645,2026-07-02 20:00,DIFF-01,A7,D-GOX,060,25,73.4,pass,0
40646,2026-07-02 21:00,DIFF-01,A7,D-GOX,111,1,94.2,pass,0
40647,2026-07-02 21:00,ETCH-01,A7,E-POLY,006,1,90.1,pass,0
40648,2026-07-02 22:00,METRO-01,A7,MEAS,013,1,59.9,pass,2
40649,2026-07-02 22:00,DIFF-01,B3,D-GOX,240,25,68.5,pass,0
40650,2026-07-02 23:00,CVD-02,A7,C-TEOS,159,25,68.6,abort,36
40651,2026-07-02 23:00,PHOTO-02,B3,P-PAD,159,25,42.5,pass,0
40652,2026-07-02 23:00,METRO-01,B3,MEAS,010,25,44.9,pass,0
40653,2026-07-03 00:00,ETCH-02,B3,E-OX,210,1,78.2,pass,0
40654,2026-07-03 00:00,IMP-01,B3,I-NW,030,1,27.4,pass,0
40655,2026-07-03 01:00,PHOTO-01,A7,P-PAD,236,25,74.8,pass,0
40656,2026-07-03 01:00,PHOTO-02,C1,P-VIA,142,25,67.3,pass,0
40657,2026-07-03 02:00,ETCH-01,B3,E-OX,219,25,30.3,pass,0
40658,2026-07-03 02:00,IMP-01,A7,I-PW,214,25,24.7,pass,2
40659,2026-07-03 03:00,IMP-01,B3,I-NW,046,25,70.3,pass,0
40660,2026-07-03 03:00,ETCH-02,A7,E-POLY,099,1,18.5,pass,0
40661,2026-07-03 04:00,CVD-02,C1,C-NIT,220,25,15.5,pass,0
40662,2026-07-03 04:00,CMP-01,A7,M-W,071,25,59.7,pass,0
40663,2026-07-03 05:00,PHOTO-02,B3,P-PAD,209,25,9.4,pass,0
40664,2026-07-03 05:00,IMP-01,A7,I-PW,215,25,48.4,pass,0
40665,2026-07-03 06:00,METRO-01,B3,MEAS,187,25,86.6,pass,0
40666,2026-07-03 06:00,ETCH-01,A7,E-POLY,009,25,77.0,pass,3
40667,2026-07-03 06:00,ETCH-02,A7,E-OX,206,25,90.6,pass,2
40668,2026-07-03 07:00,METRO-01,A7,MEAS,048,1,22.3,pass,0
40669,2026-07-03 07:00,CVD-02,A7,C-TEOS,187,1,89.4,pass,1
40670,2026-07-03 08:00,CVD-01,A7,C-NIT,102,1,50.5,fail,25
40671,2026-07-03 08:00,PHOTO-01,B3,P-LINE,220,25,47.7,pass,3
40672,2026-07-03 09:00,DIFF-01,A7,D-GOX,203,1,27.2,pass,0
40673,2026-07-03 09:00,CMP-01,B3,M-OX,051,1,45.4,pass,0
40674,2026-07-03 10:00,PHOTO-02,C1,P-VIA,049,25,33.1,pass,4
40675,2026-07-03 10:00,PHOTO-01,B3,P-LINE,010,1,79.8,pass,0
40676,2026-07-03 11:00,METRO-01,B3,MEAS,227,25,44.5,pass,0
40677,2026-07-03 11:00,CMP-01,B3,M-W,115,25,86.9,pass,0
40678,2026-07-03 12:00,CMP-01,C1,M-OX,088,25,57.2,pass,0
40679,2026-07-03 12:00,CVD-02,B3,C-NIT,184,25,14.9,pass,4
40680,2026-07-03 12:00,CMP-01,C1,M-OX,052,1,83.4,pass,0
40681,2026-07-03 13:00,CVD-02,B3,C-NIT,128,1,67.9,pass,0
40682,2026-07-03 13:00,CVD-02,B3,C-NIT,188,25,28.3,pass,0
40683,2026-07-03 13:00,ETCH-01,B3,E-POLY,183,25,12.0,pass,0
40684,2026-07-03 14:00,DIFF-01,C1,D-GOX,045,1,51.4,pass,0
40685,2026-07-03 14:00,CVD-02,C1,C-NIT,128,1,61.3,pass,0
40686,2026-07-03 15:00,METRO-01,C1,MEAS,055,25,74.5,pass,0
40687,2026-07-03 15:00,PHOTO-02,B3,P-VIA,034,25,62.1,pass,0
40688,2026-07-03 15:00,CVD-02,A7,C-NIT,165,25,87.2,fail,10
40689,2026-07-03 16:00,ETCH-02,A7,E-METAL,238,25,71.1,pass,0
40690,2026-07-03 16:00,DIFF-01,C1,D-GOX,210,25,50.7,pass,0
40691,2026-07-03 16:00,ETCH-02,A7,E-METAL,099,25,11.7,pass,3
40692,2026-07-03 17:00,CVD-02,A7,C-NIT,031,25,10.1,pass,0
40693,2026-07-03 17:00,IMP-01,B3,I-NW,018,25,57.4,pass,0
40694,2026-07-03 18:00,METRO-01,B3,MEAS,021,25,71.2,pass,0
40695,2026-07-03 18:00,ETCH-02,B3,E-POLY,232,1,83.1,pass,0
40696,2026-07-03 19:00,PHOTO-02,B3,P-PAD,108,25,52.1,pass,3
40697,2026-07-03 19:00,ETCH-02,A7,E-OX,183,25,87.9,pass,0
40698,2026-07-03 20:00,CMP-01,C1,M-W,018,25,39.6,pass,1
40699,2026-07-03 20:00,CVD-02,C1,C-NIT,207,25,18.0,pass,0
40700,2026-07-03 20:00,ETCH-01,A7,E-OX,073,25,35.7,pass,0
40701,2026-07-03 21:00,METRO-01,A7,MEAS,032,25,71.9,pass,0
40702,2026-07-03 21:00,IMP-01,A7,I-PW,040,1,38.3,fail,24
40703,2026-07-03 22:00,IMP-01,B3,I-NW,180,25,83.5,pass,0
40704,2026-07-03 22:00,CVD-01,B3,C-TEOS,136,25,63.2,pass,0
40705,2026-07-03 22:00,ETCH-01,B3,E-POLY,065,25,82.8,pass,0
40706,2026-07-03 23:00,ETCH-02,B3,E-OX,217,25,39.8,pass,0
40707,2026-07-03 23:00,IMP-01,A7,I-NW,206,1,50.6,pass,0
40708,2026-07-03 23:00,METRO-01,B3,MEAS,134,25,85.3,pass,5
40709,2026-07-04 00:00,CVD-01,A7,C-NIT,043,25,30.6,pass,0
40710,2026-07-04 00:00,IMP-01,A7,I-PW,153,1,62.6,pass,0
40711,2026-07-04 00:00,METRO-01,B3,MEAS,206,25,36.5,pass,0
40712,2026-07-04 01:00,CVD-01,B3,C-TEOS,206,25,89.2,pass,1
40713,2026-07-04 01:00,CVD-01,C1,C-TEOS,184,25,91.8,pass,0
40714,2026-07-04 02:00,PHOTO-02,C1,P-VIA,021,25,32.6,fail,1
40715,2026-07-04 02:00,CVD-02,B3,C-NIT,123,25,88.7,pass,0
40716,2026-07-04 03:00,ETCH-02,A7,E-OX,157,1,18.7,pass,0
40717,2026-07-04 03:00,METRO-01,A7,MEAS,142,25,54.8,pass,0
40718,2026-07-04 04:00,ETCH-01,A7,E-OX,131,25,54.0,pass,0
40719,2026-07-04 04:00,PHOTO-02,C1,P-LINE,094,25,70.1,pass,0
40720,2026-07-04 04:00,IMP-01,A7,I-NW,097,1,64.1,fail,25
40721,2026-07-04 05:00,PHOTO-01,A7,P-LINE,199,1,20.6,pass,0
40722,2026-07-04 05:00,CVD-01,C1,C-NIT,149,1,78.7,pass,3
40723,2026-07-04 06:00,ETCH-01,B3,E-OX,220,25,50.8,pass,0
40724,2026-07-04 06:00,CMP-01,B3,M-OX,139,1,87.4,pass,0
40725,2026-07-04 06:00,CVD-02,C1,C-NIT,211,25,10.0,pass,0
40726,2026-07-04 07:00,CMP-01,C1,M-W,238,1,26.3,pass,0
40727,2026-07-04 07:00,CMP-01,C1,M-W,100,25,26.0,pass,0
40728,2026-07-04 07:00,PHOTO-01,B3,P-LINE,181,1,33.3,pass,0
40729,2026-07-04 08:00,CMP-01,A7,M-OX,012,1,21.6,pass,0
40730,2026-07-04 08:00,CVD-01,B3,C-TEOS,229,25,88.2,pass,0
40731,2026-07-04 08:00,CMP-01,A7,M-W,187,25,66.1,pass,4
40732,2026-07-04 09:00,METRO-01,B3,MEAS,087,25,44.0,pass,0
40733,2026-07-04 09:00,METRO-01,B3,MEAS,221,25,16.7,pass,0
40734,2026-07-04 10:00,DIFF-01,A7,D-GOX,166,25,88.5,pass,0
40735,2026-07-04 10:00,IMP-01,B3,I-NW,005,25,14.7,pass,0
40736,2026-07-04 11:00,ETCH-01,C1,E-OX,226,1,33.9,pass,3
40737,2026-07-04 11:00,PHOTO-02,C1,P-VIA,073,25,48.4,pass,0
40738,2026-07-04 11:00,CVD-01,A7,C-NIT,076,25,66.9,pass,0
40739,2026-07-04 12:00,CVD-02,A7,C-NIT,060,25,88.5,pass,0
40740,2026-07-04 12:00,CVD-02,B3,C-NIT,123,25,13.8,pass,0
40741,2026-07-04 12:00,ETCH-02,A7,E-OX,238,1,53.6,pass,0
40742,2026-07-04 13:00,METRO-01,A7,MEAS,228,1,51.1,pass,4
40743,2026-07-04 13:00,CVD-02,C1,C-NIT,236,25,67.9,pass,0
40744,2026-07-04 13:00,METRO-01,B3,MEAS,228,1,34.4,pass,0
40745,2026-07-04 14:00,CMP-01,A7,M-W,203,25,34.1,pass,1
40746,2026-07-04 14:00,PHOTO-01,C1,P-VIA,195,25,60.3,pass,5
40747,2026-07-04 15:00,ETCH-01,B3,E-POLY,132,25,75.8,pass,0
40748,2026-07-04 15:00,DIFF-01,A7,D-GOX,042,25,81.3,pass,0
40749,2026-07-04 15:00,DIFF-01,C1,D-GOX,111,25,85.8,fail,1
40750,2026-07-04 16:00,IMP-01,A7,I-PW,010,25,66.1,pass,0
40751,2026-07-04 16:00,PHOTO-02,C1,P-PAD,080,1,61.5,pass,0
40752,2026-07-04 17:00,ETCH-01,A7,E-METAL,046,25,15.6,pass,0
40753,2026-07-04 17:00,PHOTO-01,C1,P-VIA,004,25,57.8,pass,0
40754,2026-07-04 18:00,PHOTO-01,C1,P-VIA,151,25,87.0,pass,0
40755,2026-07-04 18:00,CMP-01,A7,M-OX,159,25,73.3,pass,0
40756,2026-07-04 19:00,CMP-01,A7,M-W,230,1,79.5,pass,0
40757,2026-07-04 19:00,ETCH-01,C1,E-METAL,029,25,57.4,pass,2
40758,2026-07-04 19:00,CVD-01,C1,C-TEOS,145,25,16.9,pass,0
40759,2026-07-04 20:00,PHOTO-01,C1,P-LINE,104,25,83.6,pass,4
40760,2026-07-04 20:00,ETCH-02,C1,E-METAL,032,25,64.8,fail,5
40761,2026-07-04 20:00,DIFF-01,C1,D-GOX,105,25,67.6,pass,0
40762,2026-07-04 21:00,PHOTO-01,A7,P-VIA,126,25,90.7,pass,0
40763,2026-07-04 21:00,IMP-01,C1,I-PW,141,25,21.9,pass,0
40764,2026-07-04 21:00,IMP-01,A7,I-NW,233,25,39.5,fail,38
40765,2026-07-04 22:00,CVD-01,A7,C-NIT,130,25,34.7,pass,1
40766,2026-07-04 22:00,PHOTO-02,A7,P-PAD,193,25,14.4,fail,6
40767,2026-07-04 22:00,CVD-01,A7,C-TEOS,182,1,26.5,pass,0
40768,2026-07-04 23:00,PHOTO-01,B3,P-LINE,061,25,24.1,pass,0
40769,2026-07-04 23:00,PHOTO-02,A7,P-LINE,127,1,19.9,pass,0
40770,2026-07-04 23:00,DIFF-01,C1,D-GOX,173,25,38.9,pass,0
40771,2026-07-05 00:00,ETCH-01,B3,E-METAL,077,25,77.9,pass,0
40772,2026-07-05 00:00,DIFF-01,A7,D-GOX,146,25,81.3,pass,2
40773,2026-07-05 00:00,CVD-02,C1,C-TEOS,070,25,53.8,pass,0
40774,2026-07-05 01:00,PHOTO-02,B3,P-LINE,057,25,88.0,pass,0
40775,2026-07-05 01:00,CMP-01,A7,M-OX,008,25,57.4,pass,0
40776,2026-07-05 02:00,CMP-01,B3,M-W,021,25,40.1,pass,1
40777,2026-07-05 02:00,CMP-01,B3,M-OX,188,25,59.7,pass,4
40778,2026-07-05 03:00,ETCH-02,A7,E-POLY,130,1,54.3,pass,0
40779,2026-07-05 03:00,PHOTO-02,A7,P-VIA,212,25,47.3,pass,5
40780,2026-07-05 04:00,ETCH-01,B3,E-POLY,077,25,94.2,pass,0
40781,2026-07-05 04:00,ETCH-01,B3,E-METAL,240,25,62.3,pass,0
40782,2026-07-05 05:00,DIFF-01,B3,D-GOX,109,25,34.8,pass,0
40783,2026-07-05 05:00,PHOTO-02,A7,P-VIA,203,25,61.1,fail,35
40784,2026-07-05 06:00,PHOTO-01,A7,P-LINE,096,25,27.5,pass,0
40785,2026-07-05 06:00,CMP-01,C1,M-OX,171,25,20.0,pass,0
40786,2026-07-05 07:00,ETCH-02,A7,E-METAL,240,1,54.5,pass,0
40787,2026-07-05 07:00,DIFF-01,B3,D-GOX,240,25,87.4,pass,0
40788,2026-07-05 08:00,ETCH-01,A7,E-OX,159,25,47.4,pass,0
40789,2026-07-05 08:00,METRO-01,C1,MEAS,168,25,71.4,pass,0
40790,2026-07-05 08:00,IMP-01,B3,I-PW,072,25,48.8,pass,0
40791,2026-07-05 09:00,METRO-01,C1,MEAS,222,1,30.7,pass,0
40792,2026-07-05 09:00,ETCH-01,A7,E-METAL,062,25,79.3,pass,0
40793,2026-07-05 10:00,CMP-01,A7,M-OX,184,25,49.6,pass,0
40794,2026-07-05 10:00,DIFF-01,A7,D-GOX,010,1,92.3,pass,0
40795,2026-07-05 11:00,METRO-01,C1,MEAS,093,25,76.0,pass,0
40796,2026-07-05 11:00,IMP-01,B3,I-NW,182,1,47.2,fail,18
40797,2026-07-05 12:00,PHOTO-01,C1,P-PAD,134,1,23.0,pass,5
40798,2026-07-05 12:00,CVD-02,B3,C-TEOS,118,25,9.2,pass,0
40799,2026-07-05 13:00,IMP-01,A7,I-PW,139,25,52.2,pass,4
40800,2026-07-05 13:00,ETCH-01,B3,E-OX,152,25,72.9,pass,0
40801,2026-07-05 14:00,CVD-02,A7,C-TEOS,171,25,61.5,fail,21
40802,2026-07-05 14:00,PHOTO-01,C1,P-VIA,177,25,71.3,pass,3
40803,2026-07-05 15:00,CMP-01,B3,M-OX,168,25,54.8,pass,0
40804,2026-07-05 15:00,CVD-01,A7,C-TEOS,131,25,10.0,pass,0
40805,2026-07-05 16:00,ETCH-01,A7,E-METAL,028,25,26.6,fail,4
40806,2026-07-05 16:00,CVD-01,A7,C-NIT,058,1,25.2,pass,4
40807,2026-07-05 17:00,IMP-01,C1,I-PW,081,1,16.4,pass,1
40808,2026-07-05 17:00,DIFF-01,A7,D-GOX,141,25,72.7,abort,22
40809,2026-07-05 18:00,IMP-01,B3,I-NW,092,25,12.8,pass,0
40810,2026-07-05 18:00,ETCH-01,B3,E-METAL,200,25,11.8,pass,0
40811,2026-07-05 19:00,ETCH-02,B3,E-METAL,014,1,60.2,pass,3
40812,2026-07-05 19:00,CMP-01,B3,M-W,233,25,13.8,pass,0
40813,2026-07-05 20:00,PHOTO-02,A7,P-VIA,127,25,33.9,fail,8
40814,2026-07-05 20:00,CVD-01,C1,C-TEOS,150,25,24.2,pass,4
40815,2026-07-05 20:00,IMP-01,A7,I-PW,042,25,9.9,pass,0
40816,2026-07-05 21:00,PHOTO-01,A7,P-PAD,206,25,21.7,pass,3
40817,2026-07-05 21:00,PHOTO-02,C1,P-LINE,113,1,87.2,fail,30
40818,2026-07-05 22:00,CMP-01,C1,M-W,066,25,31.4,fail,30
40819,2026-07-05 22:00,METRO-01,C1,MEAS,221,25,74.1,pass,0
40820,2026-07-05 22:00,DIFF-01,A7,D-GOX,106,1,86.7,pass,0
40821,2026-07-05 23:00,DIFF-01,C1,D-GOX,109,25,94.6,pass,0
40822,2026-07-05 23:00,ETCH-01,A7,E-OX,170,25,21.1,pass,0
40823,2026-07-05 23:00,PHOTO-01,C1,P-PAD,209,25,44.1,pass,0
